city,district,date,city_detainees,district_detainees
Москва,ОМВД России по району Таганский г. Москвы,24.02.2022,1082,15
Москва,ОМВД России по району Котловка г. Москвы,24.02.2022,1082,13
Москва,ОМВД России по району Черемушки г. Москвы,24.02.2022,1082,18
Москва,ОМВД Медведково Южное,24.02.2022,1082,19
Москва,ОМВД России по Обручевскому району г. Москвы,24.02.2022,1082,23
Москва,ОМВД России по району Чертаново Центральное г. Москвы,24.02.2022,1082,9
Москва,ОМВД России по району Братеево г. Москвы,24.02.2022,1082,11
Москва,Отдел МВД России по Мещанскому району г. Москвы,24.02.2022,1082,13
Москва,Отдел МВД России по району Люблино,24.02.2022,1082,6
Москва,ОМВД Бабушкинский,24.02.2022,1082,33
Москва,Отдел МВД России по району Китай-город г. Москвы,24.02.2022,1082,14
Москва,Отдел МВД России по району Замоскворечье г. Москвы,24.02.2022,1082,2
Москва,ОМВД России по району Дегунино Западное г. Москвы,24.02.2022,1082,23
Москва,ОМВД России по району Чертаново Северное г. Москвы,24.02.2022,1082,8
Москва,ОМВД России по району Фили-Давыдково г. Москвы,24.02.2022,1082,19
Москва,ОМВД России по району Нагатино-Садовники г. Москвы,24.02.2022,1082,22
Москва,Отдел МВД России по району Измайлово г. Москвы,24.02.2022,1082,4
Москва,ОМВД Бибирево,24.02.2022,1082,15
Москва,Отдел МВД России по району Южное Тушино г. Москвы,24.02.2022,1082,26
Москва,ОМВД России по району Крюково г. Москвы,24.02.2022,1082,14
Москва,Отдел МВД России по району Капотня,24.02.2022,1082,23
Москва,ОМВД России по району Сокольники г. Москвы,24.02.2022,1082,18
Москва,Отдел МВД России по району Ново-Переделкино г. Москвы,24.02.2022,1082,15
Москва,ОМВД России по району Хамовники г. Москвы,24.02.2022,1082,8
Москва,ОМВД России по району Тверской г. Москвы,24.02.2022,1082,14
Москва,Участковый пункт полиции № 4 по Академческому району,24.02.2022,1082,4
Москва,ОМВД Медведково Северное,24.02.2022,1082,24
Москва,Отдел МВД России по району Лефортово,24.02.2022,1082,10
Москва,Отдел МВД России по району Ивановское г. Москвы,24.02.2022,1082,24
Москва,ОМВД России по Пресненскому району г. Москвы,24.02.2022,1082,4
Москва,Отдел МВД России по району Строгино г. Москвы,24.02.2022,1082,10
Москва,ОМВД России по району Аэропорт,24.02.2022,1082,22
Москва,Отдел МВД России по району Новогиреево г. Москвы,24.02.2022,1082,21
Москва,Отдел МВД России по району Басманный г. Москвы,24.02.2022,1082,19
Москва,Отдел МВД России по району Хорошево-Мневники г. Москвы,24.02.2022,1082,27
Москва,ОМВД Отрадное,24.02.2022,1082,13
Москва,ОМВД России по району Бутово Южное г. Москвы,24.02.2022,1082,18
Москва,Отдел МВД России по району Покровское-Стрешнево г. Москвы,24.02.2022,1082,25
Москва,ОМВД России по району Дегунино Восточное г. Москвы,24.02.2022,1082,11
Москва,Отдел полиции № 1 МУ МВД «Орехово-Зуевское»,24.02.2022,1082,1
Москва,ОМВД Бутырский,24.02.2022,1082,16
Москва,Отдел МВД России по району Северное Тушино г. Москвы,24.02.2022,1082,22
Москва,ОМВД Лосиноостровский,24.02.2022,1082,24
Москва,Отдел МВД России по району Арбат г. Москвы,24.02.2022,1082,2
Москва,Отдел МВД России по району Кузьминки,24.02.2022,1082,20
Москва,ОМВД России по району Преображенское г. Москвы,24.02.2022,1082,16
Москва,ОМВД России по районам Матушкино и Савелки г. Москвы,24.02.2022,1082,16
Москва,ОМВД Ярославский,24.02.2022,1082,21
Москва,Отдел МВД России по району Измайлово Северное г. Москвы,24.02.2022,1082,18
Москва,ОМВД России по Головинскому району,24.02.2022,1082,29
Москва,Отдел МВД России по району Щукино г. Москвы,24.02.2022,1082,13
Москва,Лужники (отдел полиции по охране с/к),24.02.2022,1082,6
Москва,ОМВД России по Нагорному району г. Москвы,24.02.2022,1082,1
Москва,ОМВД России по району Перово г. Москвы,24.02.2022,1082,24
Москва,Отдел МВД России по району Выхино-Жулебино г. Москвы,24.02.2022,1082,12
Москва,ОМВД России по району Бирюлёво Восточное г. Москвы,24.02.2022,1082,24
Москва,ОМВД России по району Коптево г. Москвы,24.02.2022,1082,7
Москва,ОМВД России по району Бескудниково,24.02.2022,1082,28
Москва,МО МВД России «Щербинский» г. Москвы,24.02.2022,1082,2
Москва,ОМВД России по району Академический г. Москвы,24.02.2022,1082,7
Москва,ОМВД России по району Орехово-Борисово Южное г. Москвы,24.02.2022,1082,18
Москва,ОМВД России по району Ховрино г. Москвы,24.02.2022,1082,25
Москва,ОМВД России по району Ясенево г. Москвы,24.02.2022,1082,2
Москва,ОМВД России по району Тропарево-Никулино г. Москва,24.02.2022,1082,1
Москва,ОМВД Останкинский,24.02.2022,1082,1
Москва,ОМВД России по району Солнцево г. Москвы,24.02.2022,1082,24
Москва,ОМВД России по району Тимирязевский г. Москвы,24.02.2022,1082,1
Москва,Отдел МВД России по району Некрасовка,24.02.2022,1082,2
Москва,Отдел МВД России по району Крылатское г. Москвы,24.02.2022,1082,34
Москва,ОМВД России по району Теплый Стан г. Москвы,24.02.2022,1082,7
Москва,Отдел МВД России по району Кунцево г. Москвы,24.02.2022,1082,1
Москва,ОМВД Марфино,24.02.2022,1082,1
Москва,Отдел МВД России по району Текстильщики,24.02.2022,1082,12
Москва,"Задержаны, но пока неизвестно, в каких отделах находятся: 177",24.02.2022,1082,177
Санкт-Петербург,Отдел полиции № 51 Московского района г. Санкт-Петербурга,24.02.2022,474,16
Санкт-Петербург,Отдел полиции № 75 Невского района г. Санкт-Петербурга,24.02.2022,474,13
Санкт-Петербург,Отдел полиции № 8 Кировского района г. Санкт-Петербурга,24.02.2022,474,13
Санкт-Петербург,Отдел полиции № 80 Колпинского района г. Санкт-Петербурга,24.02.2022,474,4
Санкт-Петербург,Отдел полиции № 70 Невского района г. Санкт-Петербурга,24.02.2022,474,15
Санкт-Петербург,Отдел полиции № 77 Адмиралтейского района г. Санкт-Петербурга,24.02.2022,474,9
Санкт-Петербург,Отдел полиции № 28 Центрального района г. Санкт-Петербурга,24.02.2022,474,5
Санкт-Петербург,Отдел полиции № 1 Адмиралтейского района г. Санкт-Петербурга,24.02.2022,474,9
Санкт-Петербург,Отдел полиции № 26 по Красногвардейскому району г. Санкт-Петербурга,24.02.2022,474,7
Санкт-Петербург,Отдел полиции № 20 Выборгского район г. Санкт-Петербурга,24.02.2022,474,1
Санкт-Петербург,Отдел полиции № 45 Невского района г. Санкт-Петербурга,24.02.2022,474,4
Санкт-Петербург,Отдел полиции № 29 Московского района г. Санкт-Петербурга,24.02.2022,474,12
Санкт-Петербург,Отдел полиции № 76 Центрального района г. Санкт-Петербурга,24.02.2022,474,4
Санкт-Петербург,Отдел полиции № 52 Красногвардейского района г. Санкт-Петербурга,24.02.2022,474,19
Санкт-Петербург,Отдел полиции № 32 Невского района г. Санкт-Петербурга,24.02.2022,474,28
Санкт-Петербург,Отдел полиции № 33 Московского района г. Санкт-Петербурга,24.02.2022,474,17
Санкт-Петербург,Отдел полиции № 35 Приморского района г. Санкт-Петербурга,24.02.2022,474,18
Санкт-Петербург,Отдел полиции № 7 Фрунзенского района г. Санкт-Петербурга,24.02.2022,474,20
Санкт-Петербург,Отдел полиции № 43 Петроградского района г. Санкт-Петербурга,24.02.2022,474,1
Санкт-Петербург,Отдел полиции № 42 Красносельского района г. Санкт-Петербурга,24.02.2022,474,2
Санкт-Петербург,Отдел полиции № 66 Красногвардейского района г. Санкт-Петербурга,24.02.2022,474,1
Санкт-Петербург,Отдел полиции № 64 Кировского района г. Санкт-Петербурга,24.02.2022,474,13
Санкт-Петербург,Отдел полиции № 13 Красногвардейского района г. Санкт-Петербурга,24.02.2022,474,11
Санкт-Петербург,Отдел полиции № 16 Василеостровского района г. Санкт-Петербурга,24.02.2022,474,34
Санкт-Петербург,Отдел полиции № 31 Кировского района г. Санкт-Петербурга,24.02.2022,474,16
Санкт-Петербург,Отдел полиции № 14 Фрунзенского района г. Санкт-Петербурга,24.02.2022,474,14
Санкт-Петербург,Отдел МВД по Колпинскому району г. Санкт-Петербурга,24.02.2022,474,4
Санкт-Петербург,Отдел полиции № 17 Калининского района г. Санкт-Петербурга,24.02.2022,474,34
Санкт-Петербург,Отдел полиции № 2 Адмиралтейского района г. Санкт-Петербурга,24.02.2022,474,1
Санкт-Петербург,Отдел полиции № 82 Красносельского района г. Санкт-Петербурга,24.02.2022,474,1
Санкт-Петербург,Отдел полиции № 78 Центрального района г. Санкт-Петербурга,24.02.2022,474,3
Санкт-Петербург,Отдел полиции № 59 Выборгского района г. Санкт-Петербурга,24.02.2022,474,37
Санкт-Петербург,Отдел полиции № 74 Красносельского района г. Санкт-Петербурга,24.02.2022,474,37
Санкт-Петербург,Отдел полиции № 12 Фрунзенского района г. Санкт-Петербурга,24.02.2022,474,1
Санкт-Петербург,Отдел полиции № 25 Приморского района г. Санкт-Петербурга,24.02.2022,474,17
Санкт-Петербург,Отдел полиции № 18 Петроградского района г. Санкт-Петербурга,24.02.2022,474,20
Санкт-Петербург,Отдел полиции № 86 Приморского района г. Санкт-Петербурга,24.02.2022,474,4
Санкт-Петербург,"Задержаны, но пока неизвестно, в каких отделах находятся: 18",24.02.2022,474,18
Краснодар,ОВД Западного округа г. Краснодара,24.02.2022,61,30
Краснодар,Отдел полиции (Центральный округ) УМВД по городу Краснодару,24.02.2022,61,17
Краснодар,"Задержаны, но пока неизвестно, в каких отделах находятся: 21",24.02.2022,61,21
Екатеринбург,Отдел полиции № 9 УМВД по городу Екатеринбургу,24.02.2022,41,6
Екатеринбург,Отдел полиции № 11 УМВД по городу Екатеринбургу,24.02.2022,41,28
Екатеринбург,Отдел полиции № 7 УМВД по городу Екатеринбургу,24.02.2022,41,2
Екатеринбург,"Задержаны, но пока неизвестно, в каких отделах находятся: 5",24.02.2022,41,5
Саратов,Отдел полиции № 1 в составе УМВД по городу Саратову (Волжский район),24.02.2022,30,22
Саратов,Отдел полиции № 3 в составе УМВД по городу Саратову (Кировский район),24.02.2022,30,2
Саратов,Отдел полиции № 6 в составе УМВД по городу Саратову (Фрунзенский район),24.02.2022,30,2
Саратов,"Задержаны, но пока неизвестно, в каких отделах находятся: 7",24.02.2022,30,7
Нижний Новгород,Отдел полиции № 5 УМВД по Нижнему Новгороду,24.02.2022,29,15
Нижний Новгород,Отдел полиции № 2 УМВД по Нижнему Новгороду,24.02.2022,29,10
Нижний Новгород,Отдел полиции № 1 УМВД по Нижнему Новгороду,24.02.2022,29,1
Нижний Новгород,Отдел полиции № 7 УМВД по Нижнему Новгороду,24.02.2022,29,2
Нижний Новгород,"Задержаны, но пока неизвестно, в каких отделах находятся: 4",24.02.2022,29,4
Воронеж,Отдел полиции № 6 УМВД по городу Воронежу (Центральный район),24.02.2022,22,17
Воронеж,Отдел полиции № 8 УМВД России по городу Воронежу (Ленинский район),24.02.2022,22,3
Воронеж,"Задержаны, но пока неизвестно, в каких отделах находятся: 9",24.02.2022,22,9
Калининград,Отдел МВД России по Ленинградскому району города Калининграда,24.02.2022,21,5
Калининград,Отдел полиции № 3 УМВД по городу Калининграду,24.02.2022,21,10
Калининград,Отдел полиции № 2 УМВД по городу Калининграду,24.02.2022,21,6
Калининград,"Задержаны, но пока неизвестно, в каких отделах находятся: 9",24.02.2022,21,9
Казань,Отдел полиции № 16 «Япеева» УМВД по г. Казани,24.02.2022,18,9
Казань,Отдел полиции № 2 «Вишневский» УМВД по г. Казани,24.02.2022,18,7
Казань,"Задержаны, но пока неизвестно, в каких отделах находятся: 2",24.02.2022,18,2
Волгоград,Отдел полиции № 4 УМВД по г. Волгограду,24.02.2022,13,7
Волгоград,"Задержаны, но пока неизвестно, в каких отделах находятся: 8",24.02.2022,13,8
Тюмень,Отдел полиции № 4 УМВД по г. Тюмени,24.02.2022,12,10
Тюмень,"Задержаны, но пока неизвестно, в каких отделах находятся: 5",24.02.2022,12,5
Уфа,Отдел полиции № 6 (Октябрьский район),24.02.2022,12,1
Уфа,Отдел полиции № 9 (Кировский район),24.02.2022,12,10
Уфа,Отдел полиции № 3 (Кировский район),24.02.2022,12,1
Иваново,Отдел полиции № 1 «Ленинский»,24.02.2022,10,5
Иваново,Отдел полиции № 2 «Октябрьский,24.02.2022,10,9
Пермь,Отдел полиции № 7 (дисл. Свердловский р-н) УМВД по г. Перми,24.02.2022,9,8
Пермь,Отдел полиции № 1 УМВД по городу Пензе,24.02.2022,9,1
Пермь,"Задержаны, но пока неизвестно, в каких отделах находятся: 1",24.02.2022,9,1
Новосибирск,Отдел полиции № 1 «Центральный»,24.02.2022,9,6
Новосибирск,Отдел полиции № 10 «Советский»,24.02.2022,9,1
Новосибирск,Отдел полиции № 6 «Октябрьский»,24.02.2022,9,2
Новосибирск,"Задержаны, но пока неизвестно, в каких отделах находятся: 1",24.02.2022,9,1
Оренбург,Отдел полиции № 1 МУ МВД «Оренбургское»,24.02.2022,9,10
Киров,Управление МВД России по г. Кирову,24.02.2022,8,6
Киров,"Задержаны, но пока неизвестно, в каких отделах находятся: 4",24.02.2022,8,4
Ростов-на-Дону,Отдел полиции № 6 УМВД по городу Ростову-на-Дону,24.02.2022,8,1
Ростов-на-Дону,Отдел полиции № 3 УМВД по городу Ростову-на-Дону,24.02.2022,8,8
Иркутск,Отдел полиции № 5 УМВД по г. Иркутску,24.02.2022,7,5
Иркутск,"Задержаны, но пока неизвестно, в каких отделах находятся: 2",24.02.2022,7,2
Псков,Отдел полиции № 1 УМВД по городу Пскову,24.02.2022,7,5
Псков,"Задержаны, но пока неизвестно, в каких отделах находятся: 2",24.02.2022,7,2
Колпино,Отдел полиции № 55 Колпинского района г. Санкт-Петербурга,24.02.2022,6,6
Великий Новгород,Управление МВД России по городу Великий Новгород,24.02.2022,5,4
Великий Новгород,"Задержаны, но пока неизвестно, в каких отделах находятся: 2",24.02.2022,5,2
Сыктывкар,УМВД России по городу Сыктывкару,24.02.2022,5,2
Сыктывкар,"Задержаны, но пока неизвестно, в каких отделах находятся: 3",24.02.2022,5,3
Вологда,Отдел полиции № 1 УМВД по г. Вологде,24.02.2022,4,2
Вологда,"Задержаны, но пока неизвестно, в каких отделах находятся: 2",24.02.2022,4,2
Мурманск,Отдел полиции № 1 УМВД по городу Мурманску,24.02.2022,4,4
Рязань,Отдел полиции № 3 (по Железнодорожному району города Рязани),24.02.2022,4,4
Рязань,"Задержаны, но пока неизвестно, в каких отделах находятся: 1",24.02.2022,4,1
Красноярск,Отдел полиции № 1 МУ МВД «Красноярское»,24.02.2022,4,4
Томск,Отдел полиции № 3 (по обслуживанию внутригородской территории Советский район) УМВД по городу Томску,24.02.2022,3,2
Владимир,"Задержаны, но пока неизвестно, в каких отделах находятся: 4",24.02.2022,3,4
Пенза,Отдел полиции № 1 УМВД по городу Пензе,24.02.2022,3,2
Пенза,"Задержаны, но пока неизвестно, в каких отделах находятся: 1",24.02.2022,3,1
Выборг,Управление МВД России по Выборгскому району,24.02.2022,3,3
Брянск,Отдел полиции № 1 (Бежицкий район г. Брянска),24.02.2022,3,1
Брянск,УМВД России по г. Брянску,24.02.2022,3,3
Челябинск,Отдел полиции № 1 (Ленинский район) УМВД по городу Челябинску,24.02.2022,3,1
Челябинск,Отдел полиции № 5 (Центральный район) УМВД по городу Челябинску,24.02.2022,3,1
Челябинск,"Задержаны, но пока неизвестно, в каких отделах находятся: 1",24.02.2022,3,1
Смоленск,Отдел полиции № 1 УМВД по городу Смоленску,24.02.2022,3,1
Смоленск,"Задержаны, но пока неизвестно, в каких отделах находятся: 3",24.02.2022,3,3
Калуга,"Задержаны, но пока неизвестно, в каких отделах находятся: 3",24.02.2022,3,3
Владивосток,УМВД по городу Владивостоку (отдел полиции № 1),24.02.2022,3,2
Тольятти,Отдел полиции № 24,24.02.2022,2,2
Чебоксары,Отдел полиции № 1 УМВД по г. Чебоксары,24.02.2022,2,1
Чебоксары,"Задержаны, но пока неизвестно, в каких отделах находятся: 1",24.02.2022,2,1
Пущино,Отдел полиции «Пущинский»,24.02.2022,2,2
Ульяновск,Отдел МВД по Ленинскому району,24.02.2022,2,2
Ижевск,"Задержаны, но пока неизвестно, в каких отделах находятся: 2",24.02.2022,2,2
Йошкар-Ола,"Задержаны, но пока неизвестно, в каких отделах находятся: 2",24.02.2022,2,2
Коломна,УМВД России по Коломенскому городскому округу,24.02.2022,2,2
Самара,Отдел полиции № 4,24.02.2022,2,1
Самара,Отдел полиции № 5,24.02.2022,2,1
Барнаул,"Задержаны, но пока неизвестно, в каких отделах находятся: 2",24.02.2022,2,2
Тула,Отдел полиции «Центральный» УМВД по г. Туле,24.02.2022,2,2
Череповец,"Задержаны, но пока неизвестно, в каких отделах находятся: 1",24.02.2022,1,1
Серпухов,"Задержаны, но пока неизвестно, в каких отделах находятся: 1",24.02.2022,1,1
Нижний Тагил,"Задержаны, но пока неизвестно, в каких отделах находятся: 1",24.02.2022,1,1
Сестрорецк,"Задержаны, но пока неизвестно, в каких отделах находятся: 1",24.02.2022,1,1
Прохладный,Межмуниципальный отдел МВД России «Прохладненский»,24.02.2022,1,1
Элиста,"Задержаны, но пока неизвестно, в каких отделах находятся: 1",24.02.2022,1,1
Улан-Удэ,"Задержаны, но пока неизвестно, в каких отделах находятся: 2",24.02.2022,1,2
Омск,"Задержаны, но пока неизвестно, в каких отделах находятся: 1",24.02.2022,1,1
Тверь,"Задержаны, но пока неизвестно, в каких отделах находятся: 1",24.02.2022,1,1
Фрязино,Отдел полиции по г. о. Фрязино МУ МВД «Щелковское»,24.02.2022,1,1
Березовский,"Задержаны, но пока неизвестно, в каких отделах находятся: 1",24.02.2022,1,1
Нальчик,Отдел полиции № 2 УМВД по г. Нальчик,24.02.2022,1,1
Курск,Отдел полиции № 1,24.02.2022,1,1
Кострома,УМВД России по городу Костроме,24.02.2022,1,1
Хабаровск,"Задержаны, но пока неизвестно, в каких отделах находятся: 1",24.02.2022,1,1
Петрозаводск,"Задержаны, но пока неизвестно, в каких отделах находятся: 1",24.02.2022,1,1
Кемерово,"Задержаны, но пока неизвестно, в каких отделах находятся: 1",24.02.2022,1,1
Евпатория,Отдел МВД по г. Евпатории,24.02.2022,1,1
Пятигорск,"Задержаны, но пока неизвестно, в каких отделах находятся: 1",24.02.2022,1,1
Железноводск,Отдел МВД по г. Железноводску,24.02.2022,1,1
Ярославль,Отдел МВД России по Кировскому городскому району,24.02.2022,1,1
Дубна,Отдел МВД по г. о. Дубна,24.02.2022,1,1
Москва,ОМВД России по Даниловскому району г. Москвы,25.02.2022,279,2
Москва,ОМВД России по району Таганский г. Москвы,25.02.2022,279,1
Москва,Отдел МВД России по Нижегородскому району,25.02.2022,279,18
Москва,ОМВД Алексеевский,25.02.2022,279,27
Москва,Отдел МВД России по району Дорогомилово г. Москвы,25.02.2022,279,3
Москва,Отдел МВД России по району Хорошево-Мневники г. Москвы,25.02.2022,279,19
Москва,ОМВД Марьина Роща,25.02.2022,279,15
Москва,Отдел МВД России по району Китай-город г. Москвы,25.02.2022,279,4
Москва,ОМВД России по району Ясенево г. Москвы,25.02.2022,279,3
Москва,ОМВД России по району Зюзино г. Москвы,25.02.2022,279,4
Москва,Отдел МВД России по району Арбат г. Москвы,25.02.2022,279,4
Москва,Отдел МВД России по району Измайлово г. Москвы,25.02.2022,279,32
Москва,ОМВД Медведково Южное,25.02.2022,279,1
Москва,ОМВД России по Нагорному району г. Москвы,25.02.2022,279,13
Москва,Отдел МВД России по району Некрасовка,25.02.2022,279,1
Москва,Отдел МВД по Гагаринскому району,25.02.2022,279,11
Москва,ОМВД России по Войковскому району,25.02.2022,279,9
Москва,ОМВД России по району Савеловский г. Москвы,25.02.2022,279,15
Москва,Отдел МВД России по району Печатники,25.02.2022,279,15
Москва,ОМВД России по району Тверской г. Москвы,25.02.2022,279,6
Москва,ОМВД России по Пресненскому району г. Москвы,25.02.2022,279,1
Москва,Отдел МВД России по району Измайлово Восточное г. Москвы,25.02.2022,279,12
Москва,ОМВД России по району Фили-Давыдково г. Москвы,25.02.2022,279,1
Москва,ОМВД России по району Проспект Вернадского г. Москвы,25.02.2022,279,11
Москва,ОМВД России по району Филевский парк г. Москвы,25.02.2022,279,1
Москва,ОМВД Медведково Северное,25.02.2022,279,1
Москва,Отдел МВД России по району Марьино,25.02.2022,279,14
Москва,Отдел МВД России по району Северное Тушино г. Москвы,25.02.2022,279,13
Москва,Отдел МВД России по району Выхино-Жулебино г. Москвы,25.02.2022,279,10
Москва,"Задержаны, но пока неизвестно, в каких отделах находятся: 28",25.02.2022,279,28
Санкт-Петербург,Отдел полиции № 77 Адмиралтейского района г. Санкт-Петербурга,25.02.2022,253,1
Санкт-Петербург,Отдел полиции № 80 Колпинского района г. Санкт-Петербурга,25.02.2022,253,7
Санкт-Петербург,Отдел МВД по Пушкинскому району г. Санкт-Петербурга,25.02.2022,253,35
Санкт-Петербург,Отдел полиции № 4 Пушкинского района г. Санкт-Петербурга,25.02.2022,253,5
Санкт-Петербург,Отдел МВД по Курортному району г. Санкт-Петербурга,25.02.2022,253,45
Санкт-Петербург,Отдел полиции № 74 Красносельского района г. Санкт-Петербурга,25.02.2022,253,45
Санкт-Петербург,Отдел полиции № 39 Колпинского района г. Санкт-Петербурга,25.02.2022,253,10
Санкт-Петербург,Отдел полиции № 16 Василеостровского района г. Санкт-Петербурга,25.02.2022,253,18
Санкт-Петербург,Отдел полиции № 52 Красногвардейского района г. Санкт-Петербурга,25.02.2022,253,8
Санкт-Петербург,Отдел полиции № 2 Адмиралтейского района г. Санкт-Петербурга,25.02.2022,253,23
Санкт-Петербург,Отдел полиции № 32 Невского района г. Санкт-Петербурга,25.02.2022,253,1
Санкт-Петербург,Отдел МВД по Петродворцовому району г. Санкт-Петербурга,25.02.2022,253,9
Санкт-Петербург,Отдел полиции № 55 Колпинского района г. Санкт-Петербурга,25.02.2022,253,6
Санкт-Петербург,Отдел полиции № 66 Красногвардейского района г. Санкт-Петербурга,25.02.2022,253,10
Санкт-Петербург,Отдел полиции № 26 по Красногвардейскому району г. Санкт-Петербурга,25.02.2022,253,12
Санкт-Петербург,Отдел полиции № 13 Красногвардейского района г. Санкт-Петербурга,25.02.2022,253,10
Санкт-Петербург,Отдел полиции № 28 Центрального района г. Санкт-Петербурга,25.02.2022,253,1
Санкт-Петербург,Отдел полиции № 25 Приморского района г. Санкт-Петербурга,25.02.2022,253,1
Санкт-Петербург,Отдел полиции № 1 Адмиралтейского района г. Санкт-Петербурга,25.02.2022,253,6
Санкт-Петербург,Отдел МВД по Колпинскому району г. Санкт-Петербурга,25.02.2022,253,1
Санкт-Петербург,Отдел МВД по Кронштадтскому району г. Санкт-Петербурга,25.02.2022,253,1
Санкт-Петербург,Отдел полиции № 76 Центрального района г. Санкт-Петербурга,25.02.2022,253,2
Санкт-Петербург,"Задержаны, но пока неизвестно, в каких отделах находятся: 14",25.02.2022,253,14
Новосибирск,Отдел полиции № 10 «Советский»,25.02.2022,21,15
Новосибирск,"Задержаны, но пока неизвестно, в каких отделах находятся: 6",25.02.2022,21,6
Нижний Новгород,Отдел полиции № 5 УМВД по Нижнему Новгороду,25.02.2022,12,14
Екатеринбург,Отдел полиции № 11 УМВД по городу Екатеринбургу,25.02.2022,10,3
Екатеринбург,Отдел полиции № 5 УМВД по городу Екатеринбургу,25.02.2022,10,1
Екатеринбург,Отдел полиции № 9 УМВД по городу Екатеринбургу,25.02.2022,10,1
Екатеринбург,"Задержаны, но пока неизвестно, в каких отделах находятся: 5",25.02.2022,10,5
Пушкин,Отдел МВД по Пушкинскому району г. Санкт-Петербурга,25.02.2022,9,11
Пермь,Отдел полиции № 7 (дисл. Свердловский р-н) УМВД по г. Перми,25.02.2022,5,4
Пермь,"Задержаны, но пока неизвестно, в каких отделах находятся: 1",25.02.2022,5,1
Саратов,Отдел полиции № 1 в составе УМВД по городу Саратову (Волжский район),25.02.2022,3,3
Воронеж,Отдел полиции № 6 УМВД по городу Воронежу (Центральный район),25.02.2022,3,2
Воронеж,"Задержаны, но пока неизвестно, в каких отделах находятся: 1",25.02.2022,3,1
Иркутск,Отдел полиции № 7 УМВД по г. Иркутску,25.02.2022,3,2
Иркутск,"Задержаны, но пока неизвестно, в каких отделах находятся: 1",25.02.2022,3,1
Омск,Отдел полиции № 10 УМВД по г. Омску,25.02.2022,3,1
Омск,"Задержаны, но пока неизвестно, в каких отделах находятся: 2",25.02.2022,3,2
Казань,"Задержаны, но пока неизвестно, в каких отделах находятся: 3",25.02.2022,3,3
Архангельск,Отдел полиции № 3 (по обслуживанию Ломоносовского округа г. Архангельска),25.02.2022,3,3
Мурманск,Отдел полиции № 1 УМВД по городу Мурманску,25.02.2022,2,1
Мурманск,"Задержаны, но пока неизвестно, в каких отделах находятся: 1",25.02.2022,2,1
Улан-Удэ,"Задержаны, но пока неизвестно, в каких отделах находятся: 2",25.02.2022,2,2
Волгоград,"Задержаны, но пока неизвестно, в каких отделах находятся: 2",25.02.2022,2,2
Октябрьский,"Задержаны, но пока неизвестно, в каких отделах находятся: 2",25.02.2022,2,2
Кемерово,Отдел полиции «Центральный» УМВД по г. Кемерово,25.02.2022,1,1
Ставрополь,"Задержаны, но пока неизвестно, в каких отделах находятся: 1",25.02.2022,1,1
Астрахань,УМВД России по г. Астрахани,25.02.2022,1,1
Курган,Отдел полиции № 1 УМВД по г. Кургану,25.02.2022,1,1
Симферополь,"Задержаны, но пока неизвестно, в каких отделах находятся: 1",25.02.2022,1,1
Тверь,Отдел полиции Центральный УМВД по городу Твери,25.02.2022,1,1
Уяр,"Задержаны, но пока неизвестно, в каких отделах находятся: 1",25.02.2022,1,1
Элиста,"Задержаны, но пока неизвестно, в каких отделах находятся: 1",25.02.2022,1,1
Самара,Отдел полиции № 4,25.02.2022,1,1
Ростов-на-Дону,Отдел полиции № 3 УМВД по городу Ростову-на-Дону,25.02.2022,1,1
Рязань,Отдел полиции № 3 (по Железнодорожному району города Рязани),25.02.2022,1,1
Псков,Отдел полиции № 2 УМВД по городу Пскову,25.02.2022,1,1
Сосновоборск,"Задержаны, но пока неизвестно, в каких отделах находятся: 1",25.02.2022,1,1
Петергоф,Отдел МВД по Петродворцовому району г. Санкт-Петербурга,25.02.2022,1,1
Туапсе,Отдел МВД по Туапсинскому району,25.02.2022,1,1
Дубна,Отдел МВД по г. о. Дубна,25.02.2022,1,1
Курск,"Задержаны, но пока неизвестно, в каких отделах находятся: 1",25.02.2022,1,1
Москва,ОМВД России по району Хамовники г. Москвы,26.02.2022,233,3
Москва,ОМВД Марьина Роща,26.02.2022,233,20
Москва,ОМВД России по Пресненскому району г. Москвы,26.02.2022,233,11
Москва,ОМВД России по району Бескудниково,26.02.2022,233,1
Москва,ОМВД России по району Тверской г. Москвы,26.02.2022,233,22
Москва,ОМВД России по району Таганский г. Москвы,26.02.2022,233,10
Москва,ОМВД России по району Тропарево-Никулино г. Москва,26.02.2022,233,8
Москва,Отдел МВД России по району Китай-город г. Москвы,26.02.2022,233,4
Москва,Отдел МВД России по району Арбат г. Москвы,26.02.2022,233,7
Москва,Отдел МВД России по Мещанскому району г. Москвы,26.02.2022,233,4
Москва,Ломоносовский,26.02.2022,233,15
Москва,ОМВД Медведково Северное,26.02.2022,233,2
Москва,Отдел МВД России по району Дорогомилово г. Москвы,26.02.2022,233,1
Москва,ОМВД России по району Якиманка г. Москвы,26.02.2022,233,3
Москва,ОМВД Ростокино,26.02.2022,233,9
Москва,ОМВД Отрадное,26.02.2022,233,2
Москва,ОМВД России по району Сокол г. Москвы,26.02.2022,233,4
Москва,ОМВД России по Даниловскому району г. Москвы,26.02.2022,233,2
Москва,ОМВД России по району Академический г. Москвы,26.02.2022,233,19
Москва,ОМВД России по району Тимирязевский г. Москвы,26.02.2022,233,2
Москва,ОМВД России по району Ховрино г. Москвы,26.02.2022,233,1
Москва,ОМВД России по району Хорошевский г. Москвы,26.02.2022,233,13
Москва,Отдел МВД России по Рязанскому району,26.02.2022,233,16
Москва,МО МВД России «Троицкий» г. Москвы,26.02.2022,233,2
Москва,ОМВД России по району Соколиная Гора г. Москвы,26.02.2022,233,15
Москва,ОМВД России по району Чертаново Центральное г. Москвы,26.02.2022,233,1
Москва,Хорошево-Мневники (новое здание),26.02.2022,233,1
Москва,ОМВД России по району Чертаново Южное г. Москвы,26.02.2022,233,17
Москва,ОМВД России по району Орехово-Борисово Северное г. Москвы,26.02.2022,233,1
Москва,Отдел МВД по Ступинскому району,26.02.2022,233,1
Москва,Лужники (отдел полиции по охране с/к),26.02.2022,233,3
Москва,Отдел МВД России по Южнопортовому району,26.02.2022,233,5
Москва,Отдел МВД России по району Марьино,26.02.2022,233,1
Москва,"Задержаны, но пока неизвестно, в каких отделах находятся: 8",26.02.2022,233,8
Санкт-Петербург,Отдел полиции № 86 Приморского района г. Санкт-Петербурга,26.02.2022,126,4
Санкт-Петербург,Отдел полиции № 12 Фрунзенского района г. Санкт-Петербурга,26.02.2022,126,10
Санкт-Петербург,Отдел полиции № 59 Выборгского района г. Санкт-Петербурга,26.02.2022,126,1
Санкт-Петербург,Отдел полиции № 3 Калининского района г. Санкт-Петербурга,26.02.2022,126,23
Санкт-Петербург,Отдел полиции № 18 Петроградского района г. Санкт-Петербурга,26.02.2022,126,18
Санкт-Петербург,Отдел полиции № 25 Приморского района г. Санкт-Петербурга,26.02.2022,126,3
Санкт-Петербург,Отдел МВД по Кронштадтскому району г. Санкт-Петербурга,26.02.2022,126,20
Санкт-Петербург,Отдел полиции № 21 Калининского района г. Санкт-Петербурга,26.02.2022,126,1
Санкт-Петербург,Отдел полиции № 70 Невского района г. Санкт-Петербурга,26.02.2022,126,2
Санкт-Петербург,Отдел полиции № 76 Центрального района г. Санкт-Петербурга,26.02.2022,126,1
Санкт-Петербург,Отдел полиции № 35 Приморского района г. Санкт-Петербурга,26.02.2022,126,18
Санкт-Петербург,Отдел полиции № 6 Калининского района г. Санкт-Петербурга,26.02.2022,126,7
Санкт-Петербург,Отдел полиции № 5 Фрунзенского района г. Санкт-Петербурга,26.02.2022,126,1
Санкт-Петербург,"Задержаны, но пока неизвестно, в каких отделах находятся: 7",26.02.2022,126,7
Екатеринбург,Отдел полиции № 7 УМВД по городу Екатеринбургу,26.02.2022,69,22
Екатеринбург,Отдел полиции № 1 УМВД по городу Екатеринбургу,26.02.2022,69,11
Екатеринбург,Отдел полиции № 12 УМВД по городу Екатеринбургу,26.02.2022,69,10
Екатеринбург,Отдел полиции № 3 УМВД по городу Екатеринбургу,26.02.2022,69,1
Екатеринбург,Отдел полиции № 9 УМВД по городу Екатеринбургу,26.02.2022,69,6
Екатеринбург,"Задержаны, но пока неизвестно, в каких отделах находятся: 8",26.02.2022,69,8
Иваново,Отдел полиции № 2 «Октябрьский,26.02.2022,15,7
Иваново,Отдел полиции № 4 «Фрунзенский»,26.02.2022,15,2
Иваново,Отдел полиции № 1 «Ленинский»,26.02.2022,15,2
Иваново,"Задержаны, но пока неизвестно, в каких отделах находятся: 4",26.02.2022,15,4
Новосибирск,Отдел полиции № 10 «Советский»,26.02.2022,13,1
Новосибирск,Отдел полиции № 1 «Центральный»,26.02.2022,13,6
Новосибирск,Отдел полиции № 6 «Октябрьский»,26.02.2022,13,5
Новосибирск,"Задержаны, но пока неизвестно, в каких отделах находятся: 1",26.02.2022,13,1
Воронеж,Отдел полиции № 6 УМВД по городу Воронежу (Центральный район),26.02.2022,10,10
Пермь,Отдел полиции № 7 (дисл. Свердловский р-н) УМВД по г. Перми,26.02.2022,7,1
Пермь,Отдел полиции № 6 (дисл. Ленинский р-н) УМВД по г. Перми,26.02.2022,7,4
Пермь,"Задержаны, но пока неизвестно, в каких отделах находятся: 1",26.02.2022,7,1
Нижний Новгород,Отдел полиции № 5 УМВД по Нижнему Новгороду,26.02.2022,7,5
Нижний Новгород,"Задержаны, но пока неизвестно, в каких отделах находятся: 2",26.02.2022,7,2
Челябинск,Отдел полиции № 5 (Центральный район) УМВД по городу Челябинску,26.02.2022,5,1
Челябинск,"Задержаны, но пока неизвестно, в каких отделах находятся: 1",26.02.2022,5,1
Красноярск,Отдел полиции № 5 МУ МВД «Красноярское»,26.02.2022,0412,1
Красноярск,Отдел полиции № 7 МУ МВД «Красноярское»,26.02.2022,0412,2
Красноярск,"Задержаны, но пока неизвестно, в каких отделах находятся: 2",26.02.2022,0412,2
Красноярск,"Задержаны, но пока неизвестно, в каких отделах находятся: 1",26.02.2022,0412,1
Иркутск,Отдел полиции № 7 УМВД по г. Иркутску,26.02.2022,5,3
Иркутск,"Задержаны, но пока неизвестно, в каких отделах находятся: 1",26.02.2022,5,1
Тверь,Отдел полиции Центральный УМВД по городу Твери,26.02.2022,3,1
Тверь,"Задержаны, но пока неизвестно, в каких отделах находятся: 2",26.02.2022,3,2
Вологда,Отдел полиции № 1 УМВД по г. Вологде,26.02.2022,3,3
Волгоград,"Задержаны, но пока неизвестно, в каких отделах находятся: 3",26.02.2022,3,3
Казань,Отдел полиции № 16 «Япеева» УМВД по г. Казани,26.02.2022,2,2
Белгород,"Задержаны, но пока неизвестно, в каких отделах находятся: 2",26.02.2022,2,2
Апатиты,"Задержаны, но пока неизвестно, в каких отделах находятся: 2",26.02.2022,2,2
Хабаровск,Отдел полиции № 4 УМВД по г. Хабаровску,26.02.2022,2,2
Тюмень,Отдел полиции № 4 УМВД по г. Тюмени,26.02.2022,2,1
Саратов,Отдел полиции № 1 в составе УМВД по городу Саратову (Волжский район),26.02.2022,2,2
Нальчик,"Задержаны, но пока неизвестно, в каких отделах находятся: 2",26.02.2022,2,2
Коломна,"Задержаны, но пока неизвестно, в каких отделах находятся: 1",26.02.2022,1,1
Рязань,"Задержаны, но пока неизвестно, в каких отделах находятся: 1",26.02.2022,1,1
Симферополь,"Задержаны, но пока неизвестно, в каких отделах находятся: 1",26.02.2022,1,1
Химки,Линейный отдел МВД России на станции Москва-Ленинградская,26.02.2022,1,1
Ульяновск,Отдел МВД по Ленинскому району,26.02.2022,1,1
Самара,Отдел полиции № 4,26.02.2022,1,1
ЗАТО г. Железногорск Красноярский край,"Задержаны, но пока неизвестно, в каких отделах находятся: 1",26.02.2022,1,1
Владивосток,УМВД по городу Владивостоку (отдел полиции № 1),26.02.2022,1,1
Жуковский,"Задержаны, но пока неизвестно, в каких отделах находятся: 1",26.02.2022,1,1
Новочеркасск,Отдел полиции № 1 МУ МВД «Новочеркасское»,26.02.2022,1,1
Новороссийск,Отдел полиции (Центральный район) УМВД по г. Новороссийску,26.02.2022,1,1
Ялта,Отдел полиции № 3 «Массандровский» УМВД по г. Ялта,26.02.2022,1,1
Омск,"Задержаны, но пока неизвестно, в каких отделах находятся: 1",26.02.2022,1,1
Чебоксары,"Задержаны, но пока неизвестно, в каких отделах находятся: 1",26.02.2022,1,1
Великие Луки,"Задержаны, но пока неизвестно, в каких отделах находятся: 1",26.02.2022,1,1
Архангельск,Отдел полиции № 4 (по обслуживанию Октябрьского округа г. Архангельска),26.02.2022,1,1
Москва,ОМВД по району Дмитровский,27.02.2022,1303,18
Москва,Отдел МВД России по Косино-Ухтомскому району г. Москвы,27.02.2022,1303,27
Москва,Отдел МВД России по району Митино г. Москвы,27.02.2022,1303,14
Москва,Отдел МВД России по району Китай-город г. Москвы,27.02.2022,1303,10
Москва,Отдел МВД России по району Северное Тушино г. Москвы,27.02.2022,1303,18
Москва,Отдел МВД России по району Новогиреево г. Москвы,27.02.2022,1303,28
Москва,Отдел МВД России по району Басманный г. Москвы,27.02.2022,1303,1
Москва,ОМВД Медведково Северное,27.02.2022,1303,22
Москва,Участковый пункт полиции № 4 по Академческому району,27.02.2022,1303,1
Москва,Отдел МВД России по району Ново-Переделкино г. Москвы,27.02.2022,1303,16
Москва,Отдел МВД России по району Люблино,27.02.2022,1303,18
Москва,ОМВД России по району Тверской г. Москвы,27.02.2022,1303,2
Москва,ОМВД России по району Коньково г. Москвы,27.02.2022,1303,19
Москва,ОМВД России по району Аэропорт,27.02.2022,1303,1
Москва,ОМВД России по району Якиманка г. Москвы,27.02.2022,1303,3
Москва,ОМВД России по району Братеево г. Москвы,27.02.2022,1303,19
Москва,ОМВД России по Пресненскому району г. Москвы,27.02.2022,1303,4
Москва,Отдел МВД России по району Ивановское г. Москвы,27.02.2022,1303,29
Москва,Отдел МВД России по району Кунцево г. Москвы,27.02.2022,1303,14
Москва,ОМВД России по району Орехово-Борисово Северное г. Москвы,27.02.2022,1303,16
Москва,МО МВД России «Щербинский» г. Москвы,27.02.2022,1303,11
Москва,Отдел МВД России по району Вешняки г. Москвы,27.02.2022,1303,22
Москва,ОМВД России по району Тимирязевский г. Москвы,27.02.2022,1303,23
Москва,ОМВД Марфино,27.02.2022,1303,18
Москва,ОМВД Бибирево,27.02.2022,1303,33
Москва,ОМВД России по району Коптево г. Москвы,27.02.2022,1303,30
Москва,ОМВД Бутырский,27.02.2022,1303,12
Москва,ОМВД Останкинский,27.02.2022,1303,25
Москва,ОМВД России по району Черемушки г. Москвы,27.02.2022,1303,18
Москва,ОМВД России по Обручевскому району г. Москвы,27.02.2022,1303,26
Москва,ОМВД России по району Чертаново Северное г. Москвы,27.02.2022,1303,20
Москва,Хорошево-Мневники (новое здание),27.02.2022,1303,1
Москва,ОМВД России по району Ясенево г. Москвы,27.02.2022,1303,15
Москва,Отдел МВД России по району Гольяново г. Москвы,27.02.2022,1303,5
Москва,ОМВД России по району Бутово Северное г. Москвы,27.02.2022,1303,25
Москва,ОМВД России по району Фили-Давыдково г. Москвы,27.02.2022,1303,9
Москва,ОМВД России по району Бескудниково,27.02.2022,1303,13
Москва,ОМВД России по району Перово г. Москвы,27.02.2022,1303,15
Москва,ОМВД России по району Чертаново Южное г. Москвы,27.02.2022,1303,24
Москва,ОМВД Алексеевский,27.02.2022,1303,29
Москва,3-й отдел полиции УВД на Московском метрополитене,27.02.2022,1303,1
Москва,ОМВД России по району Нагатино-Садовники г. Москвы,27.02.2022,1303,13
Москва,ОМВД России по району Таганский г. Москвы,27.02.2022,1303,2
Москва,ОМВД Медведково Южное,27.02.2022,1303,30
Москва,МО МВД России «Коммунарский» г. Москвы,27.02.2022,1303,21
Москва,Отдел МВД России по району Покровское-Стрешнево г. Москвы,27.02.2022,1303,5
Москва,ОМВД России по Даниловскому району г. Москвы,27.02.2022,1303,1
Москва,Отдел полиции № 33 Московского района г. Санкт-Петербурга,27.02.2022,1303,1
Москва,Отдел МВД России по району Арбат г. Москвы,27.02.2022,1303,4
Москва,ОМВД России по району Хамовники г. Москвы,27.02.2022,1303,1
Москва,Отдел МВД России по району Капотня,27.02.2022,1303,17
Москва,ОМВД России по району Орехово-Борисово Южное г. Москвы,27.02.2022,1303,7
Москва,ОМВД России по району Молжаниновский г. Москвы,27.02.2022,1303,15
Москва,ОМВД России по району Проспект Вернадского г. Москвы,27.02.2022,1303,1
Москва,ОМВД России по району Сокол г. Москвы,27.02.2022,1303,9
Москва,Отдел МВД России по району Строгино г. Москвы,27.02.2022,1303,26
Москва,ОМВД Отрадное,27.02.2022,1303,1
Москва,Отдел МВД России по району Щукино г. Москвы,27.02.2022,1303,18
Москва,Отдел МВД России по району Замоскворечье г. Москвы,27.02.2022,1303,1
Москва,ОМВД России по Левобережному району г. Москвы,27.02.2022,1303,23
Москва,ОМВД России по району Раменки г. Москвы,27.02.2022,1303,8
Москва,ОМВД России по району Чертаново Центральное г. Москвы,27.02.2022,1303,14
Москва,Отдел МВД России по району Хорошево-Мневники г. Москвы,27.02.2022,1303,20
Москва,ОМВД России по району Преображенское г. Москвы,27.02.2022,1303,36
Москва,ОМВД России по району Дегунино Западное г. Москвы,27.02.2022,1303,22
Москва,Отдел МВД России по району Крылатское г. Москвы,27.02.2022,1303,53
Москва,Отдел МВД России по району Кузьминки,27.02.2022,1303,23
Москва,ОМВД России по району Сокольники г. Москвы,27.02.2022,1303,23
Москва,Отдел МВД России по району Текстильщики,27.02.2022,1303,28
Москва,Отдел МВД России по району Южное Тушино г. Москвы,27.02.2022,1303,17
Москва,ОМВД Ростокино,27.02.2022,1303,1
Москва,Отдел МВД России по Можайскому району г. Москвы,27.02.2022,1303,17
Москва,Отдел МВД России по району Выхино-Жулебино г. Москвы,27.02.2022,1303,8
Москва,ОМВД России по Нагорному району г. Москвы,27.02.2022,1303,3
Москва,ОМВД России по районам Силино и Старое Крюково г. Москвы,27.02.2022,1303,20
Москва,ОМВД России по району Солнцево г. Москвы,27.02.2022,1303,25
Москва,Отдел МВД России по району Некрасовка,27.02.2022,1303,12
Москва,ОМВД России по району Академический г. Москвы,27.02.2022,1303,10
Москва,ОМВД России по району Зюзино г. Москвы,27.02.2022,1303,7
Москва,МО МВД России «Московский» г. Москвы,27.02.2022,1303,12
Москва,Отдел МВД по Гагаринскому району,27.02.2022,1303,9
Москва,Отдел МВД России по району Лефортово,27.02.2022,1303,3
Москва,ОМВД России по району Крюково г. Москвы,27.02.2022,1303,15
Москва,Отдел МВД России по району Марьино,27.02.2022,1303,20
Москва,Отдел МВД России по району Богородское г. Москвы,27.02.2022,1303,1
Москва,"Задержаны, но пока неизвестно, в каких отделах находятся: 50",27.02.2022,1303,50
Санкт-Петербург,Отдел полиции № 36 Выборгского района г. Санкт-Петербурга,27.02.2022,1057,94
Санкт-Петербург,Отдел полиции № 74 Красносельского района г. Санкт-Петербурга,27.02.2022,1057,69
Санкт-Петербург,Отдел полиции № 52 Красногвардейского района г. Санкт-Петербурга,27.02.2022,1057,12
Санкт-Петербург,Отдел полиции № 46 Петродворцовому району г. Санкт-Петербурга,27.02.2022,1057,73
Санкт-Петербург,Отдел полиции № 29 Московского района г. Санкт-Петербурга,27.02.2022,1057,27
Санкт-Петербург,Отдел полиции № 70 Невского района г. Санкт-Петербурга,27.02.2022,1057,14
Санкт-Петербург,Отдел полиции № 35 Приморского района г. Санкт-Петербурга,27.02.2022,1057,40
Санкт-Петербург,12 отдел полиции по Фрунзенскому району Санкт-Петербурга,27.02.2022,1057,2
Санкт-Петербург,Отдел полиции № 28 Центрального района г. Санкт-Петербурга,27.02.2022,1057,11
Санкт-Петербург,Отдел полиции № 8 Кировского района г. Санкт-Петербурга,27.02.2022,1057,35
Санкт-Петербург,Отдел полиции № 31 Кировского района г. Санкт-Петербурга,27.02.2022,1057,20
Санкт-Петербург,Отдел МВД по Кронштадтскому району г. Санкт-Петербурга,27.02.2022,1057,47
Санкт-Петербург,Отдел полиции № 10 Невского района г. Санкт-Петербурга,27.02.2022,1057,17
Санкт-Петербург,Отдел полиции № 14 Фрунзенского района г. Санкт-Петербурга,27.02.2022,1057,13
Санкт-Петербург,Отдел полиции № 51 Московского района г. Санкт-Петербурга,27.02.2022,1057,24
Санкт-Петербург,Отдел полиции № 64 Кировского района г. Санкт-Петербурга,27.02.2022,1057,69
Санкт-Петербург,Отдел полиции № 55 Колпинского района г. Санкт-Петербурга,27.02.2022,1057,14
Санкт-Петербург,Отдел МВД по Курортному району г. Санкт-Петербурга,27.02.2022,1057,56
Санкт-Петербург,Отдел полиции № 80 Колпинского района г. Санкт-Петербурга,27.02.2022,1057,8
Санкт-Петербург,Отдел полиции № 4 Пушкинского района г. Санкт-Петербурга,27.02.2022,1057,10
Санкт-Петербург,Отдел полиции № 39 Колпинского района г. Санкт-Петербурга,27.02.2022,1057,16
Санкт-Петербург,Отдел полиции № 76 Центрального района г. Санкт-Петербурга,27.02.2022,1057,19
Санкт-Петербург,Отдел полиции № 86 Приморского района г. Санкт-Петербурга,27.02.2022,1057,4
Санкт-Петербург,Отдел МВД по Пушкинскому району г. Санкт-Петербурга,27.02.2022,1057,27
Санкт-Петербург,Отдел полиции № 37 Василеостровского района г. Санкт-Петербурга,27.02.2022,1057,67
Санкт-Петербург,Отдел полиции № 59 Выборгского района г. Санкт-Петербурга,27.02.2022,1057,7
Санкт-Петербург,Отдел полиции № 45 Невского района г. Санкт-Петербурга,27.02.2022,1057,7
Санкт-Петербург,Отдел полиции № 13 Красногвардейского района г. Санкт-Петербурга,27.02.2022,1057,20
Санкт-Петербург,Отдел полиции № 2 Адмиралтейского района г. Санкт-Петербурга,27.02.2022,1057,5
Санкт-Петербург,Отдел полиции № 75 Невского района г. Санкт-Петербурга,27.02.2022,1057,13
Санкт-Петербург,Отдел полиции № 7 Фрунзенского района г. Санкт-Петербурга,27.02.2022,1057,26
Санкт-Петербург,Отдел полиции № 82 Красносельского района г. Санкт-Петербурга,27.02.2022,1057,7
Санкт-Петербург,Управление МВД России по Гатчинскому району,27.02.2022,1057,2
Санкт-Петербург,УМВД по Фрунзенскому району г. Санкт-Петербурга,27.02.2022,1057,1
Санкт-Петербург,Отдел полиции № 78 Центрального района г. Санкт-Петербурга,27.02.2022,1057,8
Санкт-Петербург,Отдел полиции № 24 Невского района г. Санкт-Петербурга,27.02.2022,1057,7
Санкт-Петербург,Отдел полиции № 26 по Красногвардейскому району г. Санкт-Петербурга,27.02.2022,1057,21
Санкт-Петербург,Отдел полиции № 1 Адмиралтейского района г. Санкт-Петербурга,27.02.2022,1057,9
Санкт-Петербург,Отдел полиции № 32 Невского района г. Санкт-Петербурга,27.02.2022,1057,11
Санкт-Петербург,Отдел полиции № 12 Фрунзенского района г. Санкт-Петербурга,27.02.2022,1057,20
Санкт-Петербург,Отдел полиции № 33 Московского района г. Санкт-Петербурга,27.02.2022,1057,18
Санкт-Петербург,Отдел полиции № 25 Приморского района г. Санкт-Петербурга,27.02.2022,1057,23
Санкт-Петербург,Отдел полиции № 5 Фрунзенского района г. Санкт-Петербурга,27.02.2022,1057,8
Санкт-Петербург,Отдел полиции № 43 Петроградского района г. Санкт-Петербурга,27.02.2022,1057,6
Санкт-Петербург,Отдел МВД по Лодейнопольскому району Ленинградской области,27.02.2022,1057,1
Санкт-Петербург,Отдел полиции № 23 Невского района г. Санкт-Петербурга,27.02.2022,1057,4
Санкт-Петербург,Отдел полиции № 60 Василеостровского района г. Санкт-Петербурга,27.02.2022,1057,1
Санкт-Петербург,Отдел полиции № 77 Адмиралтейского района г. Санкт-Петербурга,27.02.2022,1057,5
Санкт-Петербург,"Задержаны, но пока неизвестно, в каких отделах находятся: 62",27.02.2022,1057,62
Нижний Новгород,Отдел полиции № 8 УМВД по Нижнему Новгороду,27.02.2022,52,19
Нижний Новгород,Отдел полиции № 7 УМВД по Нижнему Новгороду,27.02.2022,52,17
Нижний Новгород,Отдел полиции № 4 УМВД по Нижнему Новгороду,27.02.2022,52,4
Нижний Новгород,Отдел полиции № 5 УМВД по Нижнему Новгороду,27.02.2022,52,3
Нижний Новгород,"Задержаны, но пока неизвестно, в каких отделах находятся: 9",27.02.2022,52,9
Краснодар,ОВД Западного округа г. Краснодара,27.02.2022,47,29
Краснодар,"Задержаны, но пока неизвестно, в каких отделах находятся: 6",27.02.2022,47,6
Казань,Отдел полиции № 16 «Япеева» УМВД по г. Казани,27.02.2022,46,3
Казань,Отдел полиции № 8 «Горки» УМВД по г Казани,27.02.2022,46,1
Казань,Отдел полиции № 2 «Вишневский» УМВД по г. Казани,27.02.2022,46,18
Казань,Отдел полиции № 5 «Московский» УМВД по г. Казани,27.02.2022,46,2
Казань,Отдел полиции № 3 «Зареченский» УМВД по г. Казани,27.02.2022,46,20
Казань,"Задержаны, но пока неизвестно, в каких отделах находятся: 2",27.02.2022,46,2
Самара,Отдел полиции № 4,27.02.2022,44,16
Самара,Отдел полиции № 1,27.02.2022,44,9
Самара,Отдел полиции № 7,27.02.2022,44,5
Самара,Отдел полиции № 5,27.02.2022,44,4
Самара,"Задержаны, но пока неизвестно, в каких отделах находятся: 10",27.02.2022,44,10
Новосибирск,Отдел полиции № 1 «Центральный»,27.02.2022,30,12
Новосибирск,Отдел полиции № 6 «Октябрьский»,27.02.2022,30,12
Новосибирск,Отдел полиции № 4 «Калининский»,27.02.2022,30,4
Новосибирск,"Задержаны, но пока неизвестно, в каких отделах находятся: 2",27.02.2022,30,2
Челябинск,Отдел полиции № 3 (Советский район) УМВД по городу Челябинску,27.02.2022,26,1
Челябинск,Отдел полиции № 5 (Центральный район) УМВД по городу Челябинску,27.02.2022,26,8
Челябинск,Отдел полиции № 6 (Калининский район) УМВД по городу Челябинску,27.02.2022,26,9
Челябинск,"Задержаны, но пока неизвестно, в каких отделах находятся: 9",27.02.2022,26,9
Пермь,Отдел полиции № 6 (дисл. Ленинский р-н) УМВД по г. Перми,27.02.2022,24,16
Иркутск,Отдел полиции № 5 УМВД по г. Иркутску,27.02.2022,18,7
Иркутск,Отдел полиции № 7 УМВД по г. Иркутску,27.02.2022,18,5
Иркутск,"Задержаны, но пока неизвестно, в каких отделах находятся: 6",27.02.2022,18,6
Ярославль,Отдел МВД России по Кировскому городскому району,27.02.2022,15,10
Ярославль,"Задержаны, но пока неизвестно, в каких отделах находятся: 5",27.02.2022,15,5
Архангельск,УМВД России по городу Архангельску,27.02.2022,15,13
Архангельск,Отдел полиции № 4 (по обслуживанию Октябрьского округа г. Архангельска),27.02.2022,15,1
Архангельск,"Задержаны, но пока неизвестно, в каких отделах находятся: 1",27.02.2022,15,1
Уфа,Отдел полиции № 6 (Октябрьский район),27.02.2022,15,7
Уфа,Отдел полиции № 9 (Кировский район),27.02.2022,15,3
Уфа,Отдел полиции № 7 (Советский район),27.02.2022,15,4
Уфа,"Задержаны, но пока неизвестно, в каких отделах находятся: 1",27.02.2022,15,1
Омск,Отдел полиции № 6 УМВД по г. Омску,27.02.2022,15,15
Волгоград,Отдел полиции № 4 УМВД по г. Волгограду,27.02.2022,12,5
Волгоград,"Задержаны, но пока неизвестно, в каких отделах находятся: 6",27.02.2022,12,6
Иваново,Отдел полиции № 1 «Ленинский»,27.02.2022,11,2
Иваново,Отдел полиции № 2 «Октябрьский,27.02.2022,11,9
Тверь,Отдел полиции Центральный УМВД по городу Твери,27.02.2022,10,10
Саратов,Отдел полиции № 1 в составе УМВД по городу Саратову (Волжский район),27.02.2022,9,1
Саратов,Отдел полиции № 4 в составе УМВД по городу Саратову (Ленинский район),27.02.2022,9,8
Калуга,УМВД России по г. Калуге,27.02.2022,7,3
Калуга,"Задержаны, но пока неизвестно, в каких отделах находятся: 4",27.02.2022,7,4
Ульяновск,Отдел МВД по Ленинскому району,27.02.2022,7,6
Ульяновск,"Задержаны, но пока неизвестно, в каких отделах находятся: 1",27.02.2022,7,1
Калининград,Отдел МВД России по Ленинградскому району города Калининграда,27.02.2022,7,4
Калининград,"Задержаны, но пока неизвестно, в каких отделах находятся: 1",27.02.2022,7,1
Сыктывкар,УМВД России по городу Сыктывкару,27.02.2022,7,2
Сыктывкар,Отдел полиции № 1 в составе УМВД по г. Сыктывкару,27.02.2022,7,2
Сыктывкар,"Задержаны, но пока неизвестно, в каких отделах находятся: 1",27.02.2022,7,1
Барнаул,Отдел полиции № 1 УМВД по г. Барнаулу,27.02.2022,6,3
Барнаул,Отдел полиции № 4 УМВД по г. Барнаулу,27.02.2022,6,3
Дубна,Отдел МВД по г. о. Дубна,27.02.2022,6,6
Симферополь,Отдел полиции № 3 «Центральный» УМВД по г. Симферополю,27.02.2022,6,6
Екатеринбург,Отдел полиции № 7 УМВД по городу Екатеринбургу,27.02.2022,5,2
Екатеринбург,Отдел полиции № 6 УМВД по городу Екатеринбургу,27.02.2022,5,1
Екатеринбург,"Задержаны, но пока неизвестно, в каких отделах находятся: 2",27.02.2022,5,2
Владивосток,УМВД по городу Владивостоку (отдел полиции № 1),27.02.2022,5,4
Владивосток,"Задержаны, но пока неизвестно, в каких отделах находятся: 1",27.02.2022,5,1
Сочи,Отдел полиции (Центрального района) УМВД по г. Сочи,27.02.2022,4,4
Петергоф,"Задержаны, но пока неизвестно, в каких отделах находятся: 4",27.02.2022,4,4
Магнитогорск,Отдел полиции № 10 (Орджоникидзевский П) УМВД по г. Магнитогорску,27.02.2022,4,1
Магнитогорск,Отдел полиции № 8 (Ленинский) УМВД по г. Магнитогорску,27.02.2022,4,2
Магнитогорск,Отдел полиции № 9 (Правобережный) УМВД по г. Магнитогорску,27.02.2022,4,1
Набережные Челны,Отдел полиции № 3 «Центральный» УМВД по г. Набережные Челны,27.02.2022,4,4
Ставрополь,Отдел полиции № 1 УМВД по г. Ставрополю,27.02.2022,3,1
Ставрополь,"Задержаны, но пока неизвестно, в каких отделах находятся: 2",27.02.2022,3,2
Красноярск,Отдел полиции № 1 МУ МВД «Красноярское»,27.02.2022,3,3
Тюмень,"Задержаны, но пока неизвестно, в каких отделах находятся: 3",27.02.2022,3,3
Великий Новгород,Управление МВД России по городу Великий Новгород,27.02.2022,3,3
Вологда,Отдел полиции № 1 УМВД по г. Вологде,27.02.2022,3,1
Люберцы,"Задержаны, но пока неизвестно, в каких отделах находятся: 2",27.02.2022,2,2
Серпухов,Отдел полиции по Серпуховскому м. р.,27.02.2022,2,2
Обнинск,"Задержаны, но пока неизвестно, в каких отделах находятся: 2",27.02.2022,2,2
Курган,Отдел полиции № 1 УМВД по г. Кургану,27.02.2022,2,1
Курган,"Задержаны, но пока неизвестно, в каких отделах находятся: 1",27.02.2022,2,1
Южно-Сахалинск,УМВД по городу Южно-Сахалинску,27.02.2022,2,1
Томск,Отдел МВД по Томскому району,27.02.2022,2,1
Ижевск,"Задержаны, но пока неизвестно, в каких отделах находятся: 2",27.02.2022,2,2
Кострома,"Задержаны, но пока неизвестно, в каких отделах находятся: 2",27.02.2022,2,2
Белгород,"Задержаны, но пока неизвестно, в каких отделах находятся: 1",27.02.2022,1,1
Астрахань,"Задержаны, но пока неизвестно, в каких отделах находятся: 1",27.02.2022,1,1
Лодейное Поле,Отдел МВД по Лодейнопольскому району Ленинградской области,27.02.2022,1,1
Петрозаводск,УМВД России по городу Петрозаводску,27.02.2022,1,1
Сургут,"Задержаны, но пока неизвестно, в каких отделах находятся: 1",27.02.2022,1,1
Ростов-на-Дону,"Задержаны, но пока неизвестно, в каких отделах находятся: 1",27.02.2022,1,1
Рязань,Отдел полиции № 3 (по Железнодорожному району города Рязани),27.02.2022,1,1
Смоленск,"Задержаны, но пока неизвестно, в каких отделах находятся: 1",27.02.2022,1,1
Тамбов,"Задержаны, но пока неизвестно, в каких отделах находятся: 1",27.02.2022,1,1
Одинцово,Отдел полиции № 1 МУ МВД «Одинцовское»,27.02.2022,1,1
Воронеж,"Задержаны, но пока неизвестно, в каких отделах находятся: 1",27.02.2022,1,1
Джанкой,"Задержаны, но пока неизвестно, в каких отделах находятся: 1",27.02.2022,1,1
Колпино,Отдел полиции № 55 Колпинского района г. Санкт-Петербурга,27.02.2022,1,1
Полярные Зори,"Задержаны, но пока неизвестно, в каких отделах находятся: 1",27.02.2022,1,1
Чапаевск,"Задержаны, но пока неизвестно, в каких отделах находятся: 1",27.02.2022,1,1
Подольск,Отдел полиции № 3 УМВД по городскому округу Подольск,27.02.2022,1,1
Москва,Отдел МВД России по району Выхино г. Москвы,28.02.2022,284,1
Москва,Отдел МВД России по району Южное Тушино г. Москвы,28.02.2022,284,23
Москва,Отдел МВД России по району Дорогомилово г. Москвы,28.02.2022,284,11
Москва,ОМВД России по Даниловскому району г. Москвы,28.02.2022,284,17
Москва,Участковый пункт полиции № 4 по Академческому району,28.02.2022,284,1
Москва,Отдел МВД России по Можайскому району г. Москвы,28.02.2022,284,1
Москва,Отдел МВД России по району Строгино г. Москвы,28.02.2022,284,6
Москва,ОМВД России по району Чертаново Северное г. Москвы,28.02.2022,284,1
Москва,ОМВД России по району Тимирязевский г. Москвы,28.02.2022,284,1
Москва,ОМВД Бабушкинский,28.02.2022,284,21
Москва,ОМВД Ростокино,28.02.2022,284,1
Москва,Ломоносовский,28.02.2022,284,16
Москва,ОМВД России по району Тверской г. Москвы,28.02.2022,284,6
Москва,Отдел МВД России по району Китай-город г. Москвы,28.02.2022,284,4
Москва,Отдел МВД России по Южнопортовому району,28.02.2022,284,2
Москва,Отдел МВД России по району Печатники,28.02.2022,284,22
Москва,ОМВД России по району Проспект Вернадского г. Москвы,28.02.2022,284,27
Москва,Отдел МВД России по району Арбат г. Москвы,28.02.2022,284,1
Москва,ОМВД России по району Бутово Южное г. Москвы,28.02.2022,284,22
Москва,Отдел МВД по Гагаринскому району,28.02.2022,284,2
Москва,ОМВД России по району Коньково г. Москвы,28.02.2022,284,21
Москва,ОМВД России по районам Матушкино и Савелки г. Москвы,28.02.2022,284,11
Москва,ОМВД России по Головинскому району,28.02.2022,284,25
Москва,Отдел МВД России по району Измайлово Восточное г. Москвы,28.02.2022,284,15
Москва,3-й отдел полиции УВД на Московском метрополитене,28.02.2022,284,1
Москва,Отдел МВД России по району Хорошево-Мневники г. Москвы,28.02.2022,284,1
Москва,ОМВД России по району Фили-Давыдково г. Москвы,28.02.2022,284,1
Москва,ОМВД Алтуфьевский,28.02.2022,284,10
Москва,ОМВД России по району Орехово-Борисово Южное г. Москвы,28.02.2022,284,1
Москва,"Задержаны, но пока неизвестно, в каких отделах находятся: 17",28.02.2022,284,17
Санкт-Петербург,Отдел полиции № 14 Фрунзенского района г. Санкт-Петербурга,28.02.2022,196,15
Санкт-Петербург,Отдел полиции № 8 Кировского района г. Санкт-Петербурга,28.02.2022,196,2
Санкт-Петербург,Отдел полиции № 29 Московского района г. Санкт-Петербурга,28.02.2022,196,8
Санкт-Петербург,Отдел полиции № 12 Фрунзенского района г. Санкт-Петербурга,28.02.2022,196,9
Санкт-Петербург,Отдел полиции № 39 Колпинского района г. Санкт-Петербурга,28.02.2022,196,6
Санкт-Петербург,Отдел полиции № 10 Невского района г. Санкт-Петербурга,28.02.2022,196,8
Санкт-Петербург,Отдел полиции № 43 Петроградского района г. Санкт-Петербурга,28.02.2022,196,20
Санкт-Петербург,Отдел МВД по Пушкинскому району г. Санкт-Петербурга,28.02.2022,196,21
Санкт-Петербург,Отдел полиции № 17 Калининского района г. Санкт-Петербурга,28.02.2022,196,6
Санкт-Петербург,Отдел полиции № 51 Московского района г. Санкт-Петербурга,28.02.2022,196,8
Санкт-Петербург,Отдел полиции № 3 Калининского района г. Санкт-Петербурга,28.02.2022,196,5
Санкт-Петербург,Отдел полиции № 2 Адмиралтейского района г. Санкт-Петербурга,28.02.2022,196,9
Санкт-Петербург,Отдел полиции № 31 Кировского района г. Санкт-Петербурга,28.02.2022,196,1
Санкт-Петербург,Отдел полиции № 33 Московского района г. Санкт-Петербурга,28.02.2022,196,8
Санкт-Петербург,Отдел полиции № 77 Адмиралтейского района г. Санкт-Петербурга,28.02.2022,196,1
Санкт-Петербург,Отдел полиции № 1 Адмиралтейского района г. Санкт-Петербурга,28.02.2022,196,13
Санкт-Петербург,Отдел полиции № 55 Колпинского района г. Санкт-Петербурга,28.02.2022,196,7
Санкт-Петербург,Отдел полиции № 45 Невского района г. Санкт-Петербурга,28.02.2022,196,5
Санкт-Петербург,Отдел полиции № 7 Фрунзенского района г. Санкт-Петербурга,28.02.2022,196,10
Санкт-Петербург,Отдел полиции № 80 Колпинского района г. Санкт-Петербурга,28.02.2022,196,8
Санкт-Петербург,Отдел полиции № 21 Калининского района г. Санкт-Петербурга,28.02.2022,196,13
Санкт-Петербург,Отдел полиции № 28 Центрального района г. Санкт-Петербурга,28.02.2022,196,1
Санкт-Петербург,Отдел полиции № 32 Невского района г. Санкт-Петербурга,28.02.2022,196,5
Санкт-Петербург,"Задержаны, но пока неизвестно, в каких отделах находятся: 8",28.02.2022,196,8
Ростов-на-Дону,Отдел полиции № 3 УМВД по городу Ростову-на-Дону,28.02.2022,7,7
Сочи,Отдел полиции (Центрального района) УМВД по г. Сочи,28.02.2022,4,3
Сочи,"Задержаны, но пока неизвестно, в каких отделах находятся: 1",28.02.2022,4,1
Казань,Отдел полиции № 16 «Япеева» УМВД по г. Казани,28.02.2022,3,1
Казань,"Задержаны, но пока неизвестно, в каких отделах находятся: 2",28.02.2022,3,2
Симферополь,"Задержаны, но пока неизвестно, в каких отделах находятся: 1",28.02.2022,2,1
Саратов,Отдел полиции № 6 в составе УМВД по городу Саратову (Фрунзенский район),28.02.2022,2,1
Саратов,"Задержаны, но пока неизвестно, в каких отделах находятся: 1",28.02.2022,2,1
Уфа,Отдел полиции № 9 (Кировский район),28.02.2022,2,1
Уфа,"Задержаны, но пока неизвестно, в каких отделах находятся: 1",28.02.2022,2,1
Чебоксары,Отдел полиции № 1 УМВД по г. Чебоксары,28.02.2022,2,2
Махачкала,"Задержаны, но пока неизвестно, в каких отделах находятся: 1",28.02.2022,1,1
Смоленск,Отдел полиции № 1 УМВД по городу Смоленску,28.02.2022,1,1
Мегион,Отдел МВД по городу Мегиону,28.02.2022,1,1
Вологда,Отдел полиции № 1 УМВД по г. Вологде,28.02.2022,1,1
Нижний Новгород,Отдел полиции № 5 УМВД по Нижнему Новгороду,28.02.2022,1,1
Воронеж,Отдел полиции № 8 УМВД России по городу Воронежу (Ленинский район),28.02.2022,1,1
Хабаровск,Отдел полиции № 4 УМВД по г. Хабаровску,28.02.2022,1,1
Санкт-Петербург,Отдел полиции № 81 Курортного района г. Санкт-Петербурга,01.03.2022,132,9
Санкт-Петербург,Отдел полиции № 74 Красносельского района г. Санкт-Петербурга,01.03.2022,132,23
Санкт-Петербург,Отдел полиции № 66 Красногвардейского района г. Санкт-Петербурга,01.03.2022,132,6
Санкт-Петербург,Отдел МВД по Петродворцовому району г. Санкт-Петербурга,01.03.2022,132,9
Санкт-Петербург,Отдел полиции № 31 Кировского района г. Санкт-Петербурга,01.03.2022,132,9
Санкт-Петербург,Отдел полиции № 70 Невского района г. Санкт-Петербурга,01.03.2022,132,5
Санкт-Петербург,Отдел полиции № 64 Кировского района г. Санкт-Петербурга,01.03.2022,132,9
Санкт-Петербург,Отдел МВД по Курортному району г. Санкт-Петербурга,01.03.2022,132,10
Санкт-Петербург,Отдел полиции № 19 Выборгского района г. Санкт-Петербурга,01.03.2022,132,1
Санкт-Петербург,Отдел полиции № 26 по Красногвардейскому району г. Санкт-Петербурга,01.03.2022,132,1
Санкт-Петербург,Отдел полиции № 46 Петродворцовому району г. Санкт-Петербурга,01.03.2022,132,2
Санкт-Петербург,Отдел полиции № 16 Василеостровского района г. Санкт-Петербурга,01.03.2022,132,14
Санкт-Петербург,Отдел полиции № 8 Кировского района г. Санкт-Петербурга,01.03.2022,132,8
Санкт-Петербург,Отдел полиции № 76 Центрального района г. Санкт-Петербурга,01.03.2022,132,14
Санкт-Петербург,Отдел полиции № 28 Центрального района г. Санкт-Петербурга,01.03.2022,132,1
Санкт-Петербург,Отдел полиции № 52 Красногвардейского района г. Санкт-Петербурга,01.03.2022,132,4
Санкт-Петербург,Отдел полиции № 78 Центрального района г. Санкт-Петербурга,01.03.2022,132,3
Санкт-Петербург,"Задержаны, но пока неизвестно, в каких отделах находятся: 4",01.03.2022,132,4
Москва,ОМВД России по Даниловскому району г. Москвы,01.03.2022,127,1
Москва,Отдел МВД России по району Щукино г. Москвы,01.03.2022,127,16
Москва,ОМВД России по Пресненскому району г. Москвы,01.03.2022,127,10
Москва,Отдел МВД России по району Измайлово г. Москвы,01.03.2022,127,9
Москва,ОМВД России по району Беговой,01.03.2022,127,7
Москва,Отдел МВД России по району Арбат г. Москвы,01.03.2022,127,1
Москва,Отдел МВД России по району Кунцево г. Москвы,01.03.2022,127,9
Москва,Отдел МВД России по району Китай-город г. Москвы,01.03.2022,127,2
Москва,Отдел МВД России по Рязанскому району,01.03.2022,127,16
Москва,Отдел МВД по Гагаринскому району,01.03.2022,127,1
Москва,ОМВД России по району Тверской г. Москвы,01.03.2022,127,8
Москва,ОМВД России по району Бутово Южное г. Москвы,01.03.2022,127,1
Москва,ЗАО,01.03.2022,127,1
Москва,ОМВД России по району Зюзино г. Москвы,01.03.2022,127,11
Москва,ОМВД России по району Коньково г. Москвы,01.03.2022,127,1
Москва,МО МВД России «Московский» г. Москвы,01.03.2022,127,1
Москва,ОМВД России по району Аэропорт,01.03.2022,127,1
Москва,ОМВД России по району Хамовники г. Москвы,01.03.2022,127,2
Москва,ОМВД Бутырский,01.03.2022,127,1
Москва,ОМВД России по району Бескудниково,01.03.2022,127,1
Москва,ОМВД Останкинский,01.03.2022,127,18
Москва,"Задержаны, но пока неизвестно, в каких отделах находятся: 9",01.03.2022,127,9
Уфа,Отдел полиции № 9 (Кировский район),01.03.2022,9,9
Новосибирск,Отдел полиции № 1 «Центральный»,01.03.2022,5,2
Новосибирск,"Задержаны, но пока неизвестно, в каких отделах находятся: 3",01.03.2022,5,3
Нижний Новгород,Отдел полиции № 5 УМВД по Нижнему Новгороду,01.03.2022,4,2
Нижний Новгород,"Задержаны, но пока неизвестно, в каких отделах находятся: 2",01.03.2022,4,2
Ростов-на-Дону,Отдел полиции № 4 УМВД по городу Ростову-на-Дону,01.03.2022,4,2
Ростов-на-Дону,"Задержаны, но пока неизвестно, в каких отделах находятся: 2",01.03.2022,4,2
Мурино,Отделение полиции № 87 Всеволожского района Ленинградской области,01.03.2022,4,4
Томск,Отдел полиции № 3 (по обслуживанию внутригородской территории Советский район) УМВД по городу Томску,01.03.2022,3,1
Томск,"Задержаны, но пока неизвестно, в каких отделах находятся: 1",01.03.2022,3,1
Ярославль,Отдел МВД России по Кировскому городскому району,01.03.2022,3,2
Ярославль,"Задержаны, но пока неизвестно, в каких отделах находятся: 1",01.03.2022,3,1
Истра,Отдел МВД по Истринскому району,01.03.2022,3,1
Калуга,"Задержаны, но пока неизвестно, в каких отделах находятся: 3",01.03.2022,3,3
Улан-Удэ,"Задержаны, но пока неизвестно, в каких отделах находятся: 2",01.03.2022,2,2
Лыткарино,Отдел полиции по городскому округу Лыткарино МУ МВД «Люберецкое»,01.03.2022,2,2
Железногорск-Илимский,"Задержаны, но пока неизвестно, в каких отделах находятся: 1",01.03.2022,2,1
Переславль-Залесский,Отдел МВД России по городскому округу город Переславль-Залесский,01.03.2022,1,1
Иваново,Отдел полиции № 1 «Ленинский»,01.03.2022,1,1
Якутск,Отдел полиции № 2 МУ МВД России «Якутское»,01.03.2022,1,1
Иркутск,"Задержаны, но пока неизвестно, в каких отделах находятся: 1",01.03.2022,1,1
Первоуральск,"Задержаны, но пока неизвестно, в каких отделах находятся: 1",01.03.2022,1,1
Сибай,"Задержаны, но пока неизвестно, в каких отделах находятся: 1",01.03.2022,1,1
Арск,Отдел МВД по Арскому району,01.03.2022,1,1
Мурманск,Отдел полиции № 1 УМВД по городу Мурманску,01.03.2022,1,1
Челябинск,Отдел полиции № 5 (Центральный район) УМВД по городу Челябинску,01.03.2022,1,1
Екатеринбург,"Задержаны, но пока неизвестно, в каких отделах находятся: 1",01.03.2022,1,1
Ставрополь,"Задержаны, но пока неизвестно, в каких отделах находятся: 1",01.03.2022,1,1
Рязань,"Задержаны, но пока неизвестно, в каких отделах находятся: 1",01.03.2022,1,1
Тверь,Отдел полиции Центральный УМВД по городу Твери,01.03.2022,1,1
Калининград,Отдел МВД России по Ленинградскому району города Калининграда,01.03.2022,1,1
Белгород,"Задержаны, но пока неизвестно, в каких отделах находятся: 1",01.03.2022,1,1
Краснодар,"Задержаны, но пока неизвестно, в каких отделах находятся: 1",01.03.2022,1,1
Петрозаводск,"Задержаны, но пока неизвестно, в каких отделах находятся: 1",01.03.2022,1,1
Волгоград,"Задержаны, но пока неизвестно, в каких отделах находятся: 1",01.03.2022,1,1
Таруса,ОВД по Тарусскому району,01.03.2022,1,1
Домодедово,"Задержаны, но пока неизвестно, в каких отделах находятся: 1",01.03.2022,1,1
